{
  "schematics": {
    "application": {
      "factory": "./application",
      "schema": "./application/schema.json",
      "description": "Create an Angular application."
    },
    "class": {
      "aliases": [ "cl" ],
      "factory": "./class",
      "description": "Create a class.",
      "schema": "./class/schema.json"
    },
    "component": {
      "aliases": [ "c" ],
      "factory": "./component",
      "description": "Create an Angular component.",
      "schema": "./component/schema.json"
    },
    "directive": {
      "aliases": [ "d" ],
      "factory": "./directive",
      "description": "Create an Angular directive.",
      "schema": "./directive/schema.json"
    },
    "enum": {
      "aliases": [ "e" ],
      "factory": "./enum",
      "description": "Create an enumeration.",
      "schema": "./enum/schema.json"
    },
    "guard": {
      "aliases": [ "g" ],
      "factory": "./guard",
      "description": "Create a guard.",
      "schema": "./guard/schema.json"
    },
    "interface": {
      "aliases": [ "i" ],
      "factory": "./interface",
      "description": "Create an interface.",
      "schema": "./interface/schema.json"
    },
    "module": {
      "aliases": [ "m" ],
      "factory": "./module",
      "description": "Create an Angular module.",
      "schema": "./module/schema.json"
    },
    "pipe": {
      "aliases": [ "p" ],
      "factory": "./pipe",
      "description": "Create an Angular pipe.",
      "schema": "./pipe/schema.json"
    },
    "service": {
      "aliases": [ "s" ],
      "factory": "./service",
      "description": "Create an Angular service.",
      "schema": "./service/schema.json"
    },
    "universal": {
      "factory": "./universal",
      "description": "Create an Angular universal app.",
      "schema": "./universal/schema.json"
    },
    "appShell": {
      "aliases": [ "app-shell" ],
      "factory": "./app-shell",
      "description": "Create an app shell.",
      "schema": "./app-shell/schema.json"
    }
  }
}
